[
    {
        "id": 1,
        "name": "LABORATORY",
        "price": "300",
        "description": " Years of underfunding of UK laboratory services is threatening to delay cancer diagnoses and treatment as the NHS struggles to clear a massive backlog of cases, a leading doctor has warned and cured carried out in  ",
        "img": "https://image.freepik.com/free-vector/hospital-laboratory-concept_1284-5844.jpg"
    },
    {
        "id": 2,
        "name": "BED ALIGNMENT",
        "price": "100",
        "description": "CE and ISO Manufacturer Wholesale Good Quality Five Function Electrical ICU Hospital Bed Size: 2180*940*500/720(mm) Material: 1) Bed frame is made of steel with proper fexlibility struggles to clear a massive backlog of cases, a leading doctor has warned and cured",
        "img": "https://image.freepik.com/free-vector/boy-resting-hospital_1308-27179.jpg"
    },
    {
        "id": 3,
        "name": "OPERATION THEATER",
        "price": "150",
        "description": "An operating theater is a facility within a hospital where surgical operations are carried out in an aseptic  in which students and other spectators could watch surgeons perform surgery and make tests and free ECG and many more  so it is very effective for patient and their family",
        "img": "https://image.freepik.com/free-vector/medical-equipment-isometric-composition-with-human-characters-doctors-surgery-room-with-operating-room-equipment-vector-illustration_1284-30043.jpg"
    },
    {
        "id": 4,
        "name": "ISOMATRIC ILLUSTRUCTIONS",
        "price": "180",
        "description": "An isometric illustration is a style of drawing which uses a technique called isometric projection. With isometric projection, any three-dimensional object can be depicted on a flat two-dimensional surface.",
        "img": "https://image.freepik.com/free-vector/set-3d-flat-isometric-illustrations-medical-premises-clinic-with-appropriate-equipment_1441-298.jpg"
    },
    {
        "id": 5,
        "name": "CANCER SURGERY DEPARTMENT",
        "price": "100",
        "description": "Cancer surgery removes the tumor and nearby tissue during an operation. A doctor who treats cancer with surgery is called a surgical oncologist. Surgery is the oldest type of cancer treatment.",
        "img": "https://image.freepik.com/free-vector/defeat-cancer-surgery-orthogonal-composition_1284-21242.jpg"
    },
    {
        "id": 6,
        "name": "DOCTOR CONSULTATION",
        "price": "300",
        "description": "Online doctor consultation in 15 mins with 1000+ Top Specialist Doctors. Video Call or Chat with a Doctor from 100+ Specialties including General Physicians and many more speacilist around the west bangle and kolkata madras",
        "img": "https://image.freepik.com/free-photo/medical-team-posing-with-copy-space_23-2147650225.jpg"
    }
]